"pkgKey","pkgId","name","arch","version","epoch","release","summary","description","url","time_file","time_build","rpm_license","rpm_vendor","rpm_group","rpm_buildhost","rpm_sourcerpm","rpm_header_start","rpm_header_end","rpm_packager","size_package","size_installed","size_archive","location_href","location_base","checksum_type"
1833,e3d1f91dfef0c1bfe496482b5f37b2339f20f695d39e7b9d35af0964b650451a,emacs-gettext,noarch,"0.21","0","4.oe2203",Support for editing po files within GNU Emacs,This package provides a major mode for editing po files within GUN Emacs,https://www.gnu.org/software/gettext/,1660057127,1659100973,GPLv3+ and LGPLv2+,http://openeuler.org,Application/Editors,oerv-obs-worker-07,gettext-0.21-4.oe2203.src.rpm,5096,9457,http://openeuler.org,59373,235549,236632,noarch/emacs-gettext-0.21-4.oe2203.noarch.rpm,,sha256
4847,"625b0c8d6d23b07cd14479969d3a8ec4603db51a63a6f9bf1ded9f549658b92c",lib-shim-v2,riscv64,"0.0.1","0","4.oe2203",lib-shim-v2 is shim v2 ttrpc client which is called by iSulad.,"Based on Rust programming language, as a shim v2 ttrpc client, it is called by iSulad.",https://gitee.com/openeuler/lib-shim-v2,1660057153,1659317779,Mulan PSL v2,http://openeuler.org,Application/System,oerv-obs-worker-06,lib-shim-v2-0.0.1-4.oe2203.src.rpm,5096,8689,http://openeuler.org,1999821,11630200,11630460,riscv64/lib-shim-v2-0.0.1-4.oe2203.riscv64.rpm,,sha256
19543,d024a6114724f3f517b2811374dab38710ba83cb54782e9f9a4dda3a7a74ee66,vmtop,riscv64,"1.1","0","5.oe2203",A tool for collecting and analyzing data of virtual machine,"This is a userspace tool which you can run it in host to help detecting VM's performance. By vmtop, you can quickly query vcpu info such as cpu usage, kvm exit times, memory usage and etc.",https://gitee.com/openeuler/vmtop,1660057189,1659527317,Mulan PSL V2,http://openeuler.org,Application/System,oerv-obs-worker-12,vmtop-1.1-5.oe2203.src.rpm,5096,9153,http://openeuler.org,23633,51224,51764,riscv64/vmtop-1.1-5.oe2203.riscv64.rpm,,sha256
1520,"12c4892e5e73dbcdbab4188831d84568719864ae53ea2b1f98388a952d6a9ba6",debugedit,riscv64,"5.0","0","2.oe2203",Tools for debuginfo creation,"Debugedit provides programs and scripts for creating debuginfo and
source file distributions, collect build-ids and rewrite source
paths in DWARF data for debugging, tracing and profiling.",https://sourceware.org/debugedit/,1660057125,1659133331,GPL-2.0-or-later and LGPL-2.1-only and GPL-3.0-only,http://openeuler.org,Applications,oerv-obs-worker-10,debugedit-5.0-2.oe2203.src.rpm,5096,10733,http://openeuler.org,78357,195877,198040,riscv64/debugedit-5.0-2.oe2203.riscv64.rpm,,sha256
19970,da21a46a405729502a6bc23a7a14030d9497a3e6da15415653eecf23cd8a5e8f,xorriso,riscv64,"1.4.8","0","8.oe2203",ISO-9660 and Rock Ridge image manipulation tool,"Xorriso is a program which copies file objects from POSIX compliant
filesystems into Rock Ridge enhanced ISO-9660 filesystems and allows
session-wise manipulation of such filesystems. It can load management
information of existing ISO images and it writes the session results
to optical media or to filesystem objects. Vice versa xorriso is able
to copy file objects out of ISO-9660 filesystems.

Filesystem manipulation capabilities surpass those of mkisofs. Xorriso
is especially suitable for backups, because of its high fidelity of
file attribute recording and its incremental update sessions. Optical
supported media: CD-R, CD-RW, DVD-R, DVD-RW, DVD+R, DVD+R DL, DVD+RW,
DVD-RAM, BD-R and BD-RE.",http://scdbackup.sourceforge.net/xorriso_eng.html,1660057191,1659508217,GPLv2+,http://openeuler.org,Applications/Archiving,oerv-obs-worker-08,libisoburn-1.4.8-8.oe2203.src.rpm,5096,17525,http://openeuler.org,445777,1590940,1598408,riscv64/xorriso-1.4.8-8.oe2203.riscv64.rpm,,sha256
20111,"533e4d8098db1b60156922e1325ee7ef2446ca6b7ddb2ed1a286d46ae2fc6027",zookeeper,noarch,"3.6.2","0","2.4.oe2203",High-performance coordination service for distributed applications.,"ZooKeeper is a centralized service for maintaining configuration information, naming, providing distributed synchronization, and providing group services.",https://www.apache.org/dist/zookeeper/,1655628231,1652376895,Apache-2.0 and OpenSSL and SSLeay and MIT and BSD,http://openeuler.org,Applications/Databases,oerv-obs-worker-01,zookeeper-3.6.2-2.4.oe2203.src.rpm,5096,21441,http://openeuler.org,10200133,12613377,12624208,noarch/zookeeper-3.6.2-2.4.oe2203.noarch.rpm,,sha256
19058,"09f67bd3c1ecd37b84e3f3f85f1bd324a4bae43c092c96fcbe0b5d592a078141",tftp,riscv64,"5.2","0","30.oe2203",The client for the Trivial File Transfer Protocol (TFTP),"TFTP which is the abbreviation of Trivial File Fransfer Protocol
enables users to transfer files between local host and remote machine.
This package tftp is a client implementing TFTP.",http://www.kernel.org/pub/software/network/tftp/,1660057188,1659524080,BSD,http://openeuler.org,Applications/Internet,oerv-obs-worker-09,tftp-5.2-30.oe2203.src.rpm,5096,9145,http://openeuler.org,28265,50080,50896,riscv64/tftp-5.2-30.oe2203.riscv64.rpm,,sha256
19061,a9c07b2b8cf955f170aa0bbb78b762be92e04f7ddcca0c4a3009d8634fcb77f2,tftp-help,noarch,"5.2","0","30.oe2203",Documents for tftp,Man pages and other related documents for tftp.,http://www.kernel.org/pub/software/network/tftp/,1660057188,1659524080,BSD,http://openeuler.org,Applications/Internet,oerv-obs-worker-09,tftp-5.2-30.oe2203.src.rpm,5096,8213,http://openeuler.org,16673,8133,8700,noarch/tftp-help-5.2-30.oe2203.noarch.rpm,,sha256
19062,"4b8a5ba05e748895bf57ae48abf782bb5738fbd5463d8811babb4bbadc58a9bd",tftp-server,riscv64,"5.2","0","30.oe2203",The server for the Trivial File Transfer Protocol (TFTP),"The TFTP server is run by using systemd socket activation, and is disabled by default.",http://www.kernel.org/pub/software/network/tftp/,1660057188,1659524080,BSD,http://openeuler.org,Applications/Internet,oerv-obs-worker-09,tftp-5.2-30.oe2203.src.rpm,5096,10013,http://openeuler.org,26765,41523,42344,riscv64/tftp-server-5.2-30.oe2203.riscv64.rpm,,sha256
234,"57b5d513653e8c6cf305b4e2225566ec49cdb6583bd14c62e72eb9476ef64388",alsa-firmware,noarch,"1.2.4","0","3.oe2203",Firmware for cards,alsa-firmware contains binary drivers for various third-party products.,http://www.alsa-project.org,1660057119,1659405435,GPLV2,http://openeuler.org,Applications/Multimedia,oerv-obs-worker-07,alsa-firmware-1.2.4-3.oe2203.src.rpm,5096,25585,http://openeuler.org,3398801,11689038,11710016,noarch/alsa-firmware-1.2.4-3.oe2203.noarch.rpm,,sha256
1680,"5105d1859adabf0c58949de9276c2e8da2274ea217979c49d6c067ec7e66fd96",dpdk-tools,riscv64,"22.07","0","1.oe2203",dpdk pdump tool,This package contains the pdump tool for capture the dpdk network packets.,http://dpdk.org,1664113970,1664099455,BSD and LGPLv2 and GPLv2,http://openeuler.org,Applications/System,oerv-obs-worker-12,dpdk-22.07-1.oe2203.src.rpm,5096,17525,packaging@6wind.com,75635141,266282488,266284152,riscv64/dpdk-tools-22.07-1.oe2203.riscv64.rpm,,sha256
4800,b0d7eab5598c903f437fc4929b5a66ad5781cc256f4ff9876505f2ff82ef0731,lcr,riscv64,"2.0.6","0","9.oe2203",Lightweight Container Runtime,"Containers are insulated areas inside a system, which have their own namespace
for filesystem, network, PID, IPC, CPU and memory allocation and which can be
created using the Control Group and Namespace features included in the Linux
kernel.

This package provides the lightweight container tools and library to control
lxc-based containers.",https://gitee.com/openeuler/lcr,1655628094,1652021275,LGPLv2.1+,http://openeuler.org,Applications/System,oerv-obs-worker-11,lcr-2.0.6-9.oe2203.src.rpm,5096,11769,http://openeuler.org,297653,1222906,1223580,riscv64/lcr-2.0.6-9.oe2203.riscv64.rpm,,sha256
4801,"0bfa7c7d004ec92d04b03147de0c3079fbaf9e7fa4a7bd645549f3edd4d6b1b1",lcr,riscv64,"2.0.7","0","3.oe2203",Lightweight Container Runtime,"Containers are insulated areas inside a system, which have their own namespace
for filesystem, network, PID, IPC, CPU and memory allocation and which can be
created using the Control Group and Namespace features included in the Linux
kernel.

This package provides the lightweight container tools and library to control
lxc-based containers.",https://gitee.com/openeuler/lcr,1660057153,1659300869,LGPLv2.1+,http://openeuler.org,Applications/System,oerv-obs-worker-09,lcr-2.0.7-3.oe2203.src.rpm,5096,12037,http://openeuler.org,300457,1239418,1240092,riscv64/lcr-2.0.7-3.oe2203.riscv64.rpm,,sha256
6760,"217c7c405985b52df1f99e01612ad7ddb0b9eb2a70d2f0f4c5bb62cda6610023",logwatch,noarch,"7.5.6","0","1.oe2203",Analyzes and Reports on system logs,"Logwatch is a customizable, pluggable log-monitoring system.  It will go
through your logs for a given period of time and make a report in the areas
that you wish with the detail that you wish.  Easy to use - works right out
of the package on many systems.",https://sourceforge.net/projects/logwatch/,1660057157,1659508940,MIT,http://openeuler.org,Applications/System,oerv-obs-worker-09,logwatch-7.5.6-1.oe2203.src.rpm,5096,57953,http://openeuler.org,444193,2117865,2178316,noarch/logwatch-7.5.6-1.oe2203.noarch.rpm,,sha256
19065,f6903e5650656283c4ee6c708fee6e7e237b28c86fddf838435c871ac07ee9c3,the_silver_searcher,riscv64,"2.1.0","0","3.oe2203",Super-fast text searching tool (ag),"The Silver Searcher is a code searching tool similar to ack,
with a focus on speed.",https://github.com/ggreer/the_silver_searcher,1660057188,1659524205,ASL 2.0 and BSD,http://openeuler.org,Applications/Text,oerv-obs-worker-06,the_silver_searcher-2.1.0-3.oe2203.src.rpm,5096,9305,http://openeuler.org,52661,125920,127388,riscv64/the_silver_searcher-2.1.0-3.oe2203.riscv64.rpm,,sha256
2495,a43b4af79c98e6264314de967c7f8e4d4e60aaa3d8f86c3e685f988f76ec88ce,gimp,riscv64,"2.99.6","2","1.oe2203",The GNU Image Manipulation Program,"The GIMP is an image composition and editing program, which can be
used for creating logos and other graphics for Web pages. The GIMP
offers many tools and filters, and provides a large image
manipulation toolbox, including channel operations and layers,
effects, subpixel imaging and antialiasing, and conversions, together
with multilevel undo. The GIMP offers a scripting facility, but many
of the included scripts rely on fonts that we cannot distribute.",https://www.gimp.org/,1660057132,1659529486,GPL-3.0-or-later,http://openeuler.org,Productivity/Graphics/Bitmap Editors,oerv-obs-worker-12,gimp-2.99.6-1.oe2203.src.rpm,5096,466277,http://openeuler.org,21274345,94750081,95233468,riscv64/gimp-2.99.6-1.oe2203.riscv64.rpm,,sha256
2496,ed3e01fd3857043c7ea7ea969dc5f531247eda883895c0feac88a8202aa8873e,gimp,riscv64,"2.99.6","2","3.oe2203",The GNU Image Manipulation Program,"The GIMP is an image composition and editing program, which can be
used for creating logos and other graphics for Web pages. The GIMP
offers many tools and filters, and provides a large image
manipulation toolbox, including channel operations and layers,
effects, subpixel imaging and antialiasing, and conversions, together
with multilevel undo. The GIMP offers a scripting facility, but many
of the included scripts rely on fonts that we cannot distribute.",https://www.gimp.org/,1661244673,1661239972,GPL-3.0-or-later,http://openeuler.org,Productivity/Graphics/Bitmap Editors,oerv-obs-worker-12,gimp-2.99.6-3.oe2203.src.rpm,5096,465941,http://openeuler.org,21273953,94750081,95233468,riscv64/gimp-2.99.6-3.oe2203.riscv64.rpm,,sha256
2505,"06c23ea0935619e8633d108f7090ddc94d6914fa3f769561459539201bae74ec",gimp-plugin-aa,riscv64,"2.99.6","2","1.oe2203",The GNU Image Manipulation Program -- ASCII-Art output plugin,"The GIMP is an image composition and editing program. GIMP offers
many tools and filters, and provides a large image manipulation
toolbox and scripting.",https://www.gimp.org/,1660057132,1659529486,GPL-3.0-or-later,http://openeuler.org,Productivity/Graphics/Bitmap Editors,oerv-obs-worker-12,gimp-2.99.6-1.oe2203.src.rpm,5096,9953,http://openeuler.org,15485,19112,19548,riscv64/gimp-plugin-aa-2.99.6-1.oe2203.riscv64.rpm,,sha256
2506,"205e4de84dc74467536cdb0703c769d2793a82d05400e1b0d35005d8098ff369",gimp-plugin-aa,riscv64,"2.99.6","2","3.oe2203",The GNU Image Manipulation Program -- ASCII-Art output plugin,"The GIMP is an image composition and editing program. GIMP offers
many tools and filters, and provides a large image manipulation
toolbox and scripting.",https://www.gimp.org/,1661244673,1661239972,GPL-3.0-or-later,http://openeuler.org,Productivity/Graphics/Bitmap Editors,oerv-obs-worker-12,gimp-2.99.6-3.oe2203.src.rpm,5096,9629,http://openeuler.org,15161,19112,19548,riscv64/gimp-plugin-aa-2.99.6-3.oe2203.riscv64.rpm,,sha256
2507,fc84c87a2ab55758a38d482c0c8e024b139eb51ed3c6d73ba83d26b1da1b9dba,gimp-plugin-python3,riscv64,"2.99.6","2","1.oe2203",The GNU Image Manipulation Program - python3 goject introspection plugins,"The GIMP is an image composition and editing program. GIMP offers
many tools and filters, and provides a large image manipulation
toolbox and scripting.",https://www.gimp.org/,1660057132,1659529486,GPL-3.0-or-later,http://openeuler.org,Productivity/Graphics/Bitmap Editors,oerv-obs-worker-12,gimp-2.99.6-1.oe2203.src.rpm,5096,12185,http://openeuler.org,134789,549305,553896,riscv64/gimp-plugin-python3-2.99.6-1.oe2203.riscv64.rpm,,sha256
2508,fed6accbf1fc6de102048af884ec654b46ea217ac097b889b230129de5beb126,gimp-plugin-python3,riscv64,"2.99.6","2","3.oe2203",The GNU Image Manipulation Program - python3 goject introspection plugins,"The GIMP is an image composition and editing program. GIMP offers
many tools and filters, and provides a large image manipulation
toolbox and scripting.",https://www.gimp.org/,1661244673,1661239972,GPL-3.0-or-later,http://openeuler.org,Productivity/Graphics/Bitmap Editors,oerv-obs-worker-12,gimp-2.99.6-3.oe2203.src.rpm,5096,11861,http://openeuler.org,134465,549305,553896,riscv64/gimp-plugin-python3-2.99.6-3.oe2203.riscv64.rpm,,sha256
2509,c597efbd760b8c9d179a9299d43fbd789743ee8a8994548e071f9fbda8ee9cf4,gimp-vala,riscv64,"2.99.6","2","1.oe2203",The GNU Image Manipulation Program - Vala development files,"The GIMP is an image composition and editing program. GIMP offers
many tools and filters, and provides a large image manipulation
toolbox and scripting.",https://www.gimp.org/,1660057132,1659529486,GPL-3.0-or-later,http://openeuler.org,Productivity/Graphics/Bitmap Editors,oerv-obs-worker-12,gimp-2.99.6-1.oe2203.src.rpm,5096,8537,http://openeuler.org,44961,326300,327012,riscv64/gimp-vala-2.99.6-1.oe2203.riscv64.rpm,,sha256
2510,a3302be7368b2c4af4354b48e972407deb22383acbf3b08c8f252ca13a47850d,gimp-vala,riscv64,"2.99.6","2","3.oe2203",The GNU Image Manipulation Program - Vala development files,"The GIMP is an image composition and editing program. GIMP offers
many tools and filters, and provides a large image manipulation
toolbox and scripting.",https://www.gimp.org/,1661244673,1661239972,GPL-3.0-or-later,http://openeuler.org,Productivity/Graphics/Bitmap Editors,oerv-obs-worker-12,gimp-2.99.6-3.oe2203.src.rpm,5096,8213,http://openeuler.org,44641,326300,327012,riscv64/gimp-vala-2.99.6-3.oe2203.riscv64.rpm,,sha256
2408,"51e208a0b717f4d134943ee40fc9fbb6a35d3e1569dbc432f530951a295dd7a3",gegl04,riscv64,"0.4.34","0","1.oe2203",Generic Graphics Library,"GEGL provides infrastructure to do demand based cached non destructive
image editing on larger than RAM buffers. Through babl, it provides
support for a wide range of color models and pixel storage formats for
input and output.",http://gegl.org/,1660057131,1659460217,GPL-3.0-or-later AND LGPL-3.0-or-later,http://openeuler.org,Productivity/Graphics/Other,oerv-obs-worker-12,gegl04-0.4.34-1.oe2203.src.rpm,5096,34801,http://openeuler.org,2029025,8337300,8351372,riscv64/gegl04-0.4.34-1.oe2203.riscv64.rpm,,sha256
8659,b7452b52e0d43269922009f79e29b6e01d69ecdcce52bd13c49b132ab5ce2681,openssl_tpm2_engine,riscv64,"2.4.2","0","1.oe2203",OpenSSL TPM 2.0 interface engine plugin,"This package contains a plugin a for OpenSSL which connects it with the
Trusted Platform Module version 2.0 found on newer machines and a
create_tpm2_key helper binary to create and extract a TPM key.",https://git.kernel.org/pub/scm/linux/kernel/git/jejb/openssl_tpm2_engine.git/,1660057168,1659514767,LGPL-2.1-only,http://openeuler.org,Productivity/Security,oerv-obs-worker-06,openssl_tpm2_engine-2.4.2-1.oe2203.src.rpm,5096,11285,http://openeuler.org,69501,285910,288284,riscv64/openssl_tpm2_engine-2.4.2-1.oe2203.riscv64.rpm,,sha256
987,fc1106400db7ceaea8bf472cdfdf366218f14e4d8f3c8fa5b91eff1c3dec1e5d,ca-certificates,noarch,"2021.2.52","0","1.oe2203",The Mozilla CA root certificate bundle,"This package contains the set of CA certificates chosen by the
Mozilla Foundation for use with the Internet PKI.",https://fedoraproject.org/wiki/CA-Certificates,1660057121,1659067200,Public Domain,http://openeuler.org,System Environment/Base,oerv-obs-worker-12,ca-certificates-2021.2.52-1.oe2203.src.rpm,5096,15341,http://openeuler.org,394145,962533,968152,noarch/ca-certificates-2021.2.52-1.oe2203.noarch.rpm,,sha256
1276,"51a8fd236692ae0b10b978719b5c16847207af9503a23b0e3515ca6550d77729",color-filesystem,noarch,"1","0","15.oe2203",Color filesystem layout,This package provides some directories that are required/used to store color.,https://src.fedoraproject.org/rpms/color-filesystem,1655628193,1653885598,Public Domain,http://openeuler.org,System Environment/Base,oerv-obs-worker-09,color-filesystem-1-15.oe2203.src.rpm,5096,7965,http://openeuler.org,8281,151,1208,noarch/color-filesystem-1-15.oe2203.noarch.rpm,,sha256
1473,"42d2d483221b81b8346cd182bc4cc1182ab3e0ba93064d2a100a7566890c39ab",daxctl,riscv64,"71.1","0","3.oe2203",Manage Device-DAX instances,"The daxctl utility provides enumeration and provisioning commands for
the Linux kernel Device-DAX facility. This facility enables DAX mappings
of performance / feature differentiated memory without need of a
filesystem.",https://github.com/pmem/ndctl,1660057125,1659292925,GPLv2,http://openeuler.org,System Environment/Base,oerv-obs-worker-10,ndctl-71.1-3.oe2203.src.rpm,5096,11477,http://openeuler.org,58053,105380,107952,riscv64/daxctl-71.1-3.oe2203.riscv64.rpm,,sha256
1602,"32bf3b798d7dafd2d69bcd229ff8b5439375793b939dc4d0cdf715d640e953b7",dmraid,riscv64,"1.0.0.rc16","0","54.oe2203",dmraid (Device-mapper RAID tool and library),"DMRAID supports RAID device discovery, RAID set activation, creation,
removal, rebuild and display of properties for ATARAID/DDF1 metadata on
Linux >= 2.4 using device-mapper.",http://people.redhat.com/heinzm/sw/dmraid,1660057125,1659293251,GPLv2+,http://openeuler.org,System Environment/Base,oerv-obs-worker-06,dmraid-1.0.0.rc16-54.oe2203.src.rpm,5096,11993,http://openeuler.org,146165,384670,387088,riscv64/dmraid-1.0.0.rc16-54.oe2203.riscv64.rpm,,sha256
1606,"83d833e95f3c12c78e4ad41e3caf00ec4c0481d1663633fcf0f6763c092c52d2",dmraid-events,riscv64,"1.0.0.rc16","0","54.oe2203",dmevent_tool (Device-mapper event tool) and DSO,"Provides a dmeventd DSO and the dmevent_tool to register devices with it
for device monitoring.  All active RAID sets should be manually registered
with dmevent_tool.",http://people.redhat.com/heinzm/sw/dmraid,1660057125,1659293251,GPLv2+,http://openeuler.org,System Environment/Base,oerv-obs-worker-06,dmraid-1.0.0.rc16-54.oe2203.src.rpm,5096,9261,http://openeuler.org,13237,11364,12068,riscv64/dmraid-events-1.0.0.rc16-54.oe2203.riscv64.rpm,,sha256
1607,c7c96326bc6bbffaf4f354670b43ff95e2fc4ee1c922c59905326caab0a92ca0,dmraid-events-logwatch,riscv64,"1.0.0.rc16","0","54.oe2203",dmraid logwatch-based email reporting,"Provides device failure reporting via logwatch-based email reporting.
Device failure reporting has to be activated manually by activating the
/etc/cron.d/dmeventd-logwatch entry and by calling the dmevent_tool
(see manual page for examples) for any active RAID sets.",http://people.redhat.com/heinzm/sw/dmraid,1660057125,1659293251,GPLv2+,http://openeuler.org,System Environment/Base,oerv-obs-worker-06,dmraid-1.0.0.rc16-54.oe2203.src.rpm,5096,9165,http://openeuler.org,10901,4149,5420,riscv64/dmraid-events-logwatch-1.0.0.rc16-54.oe2203.riscv64.rpm,,sha256
2112,bfa3bd0a01afaee23f56f21bf6eb9372b34638008d1a0b68be1fcd101e303dff,filesystem,riscv64,"3.16","0","4.oe2203",The basic directory layout for a Linux system,"The filesystem package is one of the basic packages that is installed
on a Linux system. Filesystem contains the basic directory layout
for a Linux operating system, including the correct permissions for
the directories.",https://pagure.io/filesystem,1660057128,1659495489,Public Domain,http://openeuler.org,System Environment/Base,oerv-obs-worker-08,filesystem-3.16-4.oe2203.src.rpm,5096,1109125,http://openeuler.org,1117657,106,215996,riscv64/filesystem-3.16-4.oe2203.riscv64.rpm,,sha256
2113,"19e992b5170f187beb81aa5e4f3f6b46fbb253dce5e985f00cb41bb60e0145c8",filesystem-content,riscv64,"3.16","0","4.oe2203",Directory ownership content of the filesystem package,"This subpackage of filesystem package contains just the file with
the directories owned by the filesystem package. This can be used
during the build process instead of calling rpm -ql filesystem.",https://pagure.io/filesystem,1660057128,1659495489,Public Domain,http://openeuler.org,System Environment/Base,oerv-obs-worker-08,filesystem-3.16-4.oe2203.src.rpm,5096,8309,http://openeuler.org,34789,432300,432700,riscv64/filesystem-content-3.16-4.oe2203.riscv64.rpm,,sha256
3205,"2b8e4a3800dbc38e457b34c86ad798d34afae5b97e65dec094b9a1c6d5049587",grub2-efi-riscv64,riscv64,"2.06","1","6.oe2203",GRUB for EFI systems.,"%{desc}
This subpackage provides support for efi-riscv64 systems.",http://www.gnu.org/software/grub/,1660057142,1659329424,GPLv3+,http://openeuler.org,System Environment/Base,oerv-obs-worker-09,grub2-2.06-6.oe2203.src.rpm,5096,8913,http://openeuler.org,759761,5071924,5071744,riscv64/grub2-efi-riscv64-2.06-6.oe2203.riscv64.rpm,,sha256
3206,a4842722613341627c39582460cdd244d22d13c1948a2a64ead9f1773b41a45f,grub2-efi-riscv64-cdboot,riscv64,"2.06","1","6.oe2203",Files used to boot removeable media with EFI,"%{desc}
This subpackage provides optional components of grub used with removeable media on efi-riscv64 systems.",http://www.gnu.org/software/grub/,1660057142,1659329424,GPLv3+,http://openeuler.org,System Environment/Base,oerv-obs-worker-09,grub2-2.06-6.oe2203.src.rpm,5096,7881,http://openeuler.org,1590001,7464956,7465532,riscv64/grub2-efi-riscv64-cdboot-2.06-6.oe2203.riscv64.rpm,,sha256
3207,"9189520f99ecccef5792ea2a840672a5c2f96dab784113b6e070ffdb2f0afe80",grub2-efi-riscv64-modules,noarch,"2.06","1","6.oe2203",Modules used to build custom grub.efi images,"%{desc}
This subpackage provides support for rebuilding your own grub.efi.",http://www.gnu.org/software/grub/,1660057142,1659329424,GPLv3+,http://openeuler.org,System Environment/Base,oerv-obs-worker-09,grub2-2.06-6.oe2203.src.rpm,5096,39021,http://openeuler.org,1764729,13665846,13702468,noarch/grub2-efi-riscv64-modules-2.06-6.oe2203.noarch.rpm,,sha256
6678,f6a6733a166739b3dc07d3a1e489cf727d5c75d630291d24898c937c52af2b7e,linuxptp,riscv64,"2.0","0","5.oe2203",Linuxptp is an implementation of the Precision Time Protocol (PTP),"Linuxptp is an implementation of the Precision Time Protocol (PTP) according to
IEEE standard 1588 for Linux. The dual design goals are to provide a robust
implementation of the standard and to use the most relevant and modern Application
Programming Interfaces (API) offered by the Linux kernel. Supporting legacy APIs
and other platforms is not a goal.",http://linuxptp.sourceforge.net/,1660057156,1659509141,GPLv2+,http://openeuler.org,System Environment/Base,oerv-obs-worker-06,linuxptp-2.0-5.oe2203.src.rpm,5096,14285,http://openeuler.org,153121,603470,607368,riscv64/linuxptp-2.0-5.oe2203.riscv64.rpm,,sha256
6681,ce30e5c094cf4ec8bbce81197d27733f81b27d9eff16d1ead6188e406c27ca20,linuxptp-help,noarch,"2.0","0","5.oe2203",Help files for linuxptp,Help files for linuxptp,http://linuxptp.sourceforge.net/,1660057156,1659509141,GPLv2+,http://openeuler.org,System Environment/Base,oerv-obs-worker-06,linuxptp-2.0-5.oe2203.src.rpm,5096,8233,http://openeuler.org,29573,20815,21816,noarch/linuxptp-help-2.0-5.oe2203.noarch.rpm,,sha256
7594,f55070be8a9e0bb9bfbf1bd38e6240b0529ff01e777a9422ccb9101bc2086ed2,ndctl,riscv64,"71.1","0","3.oe2203","Manage ""libnvdimm"" subsystem devices (Non-volatile Memory)","Utility library for managing the ""libnvdimm"" subsystem.  The ""libnvdimm""
subsystem defines a kernel device model and control message interface for
platform NVDIMM resources like those defined by the ACPI 6+ NFIT (NVDIMM
Firmware Interface Table).",https://github.com/pmem/ndctl,1660057165,1659292925,"GPL-2, LGPL-2.1, MIT, CC0-1.0",http://openeuler.org,System Environment/Base,oerv-obs-worker-10,ndctl-71.1-3.oe2203.src.rpm,5096,16601,http://openeuler.org,177869,331806,338772,riscv64/ndctl-71.1-3.oe2203.riscv64.rpm,,sha256
12522,"09e3d984a43036797f16c2c932f5d7f97bf22b1c188a73591d7a1266235c0664",setup,noarch,"2.13.9.1","0","1.oe2203",A set of system configuration and setup files,"The setup package contains a set of important system configuration and
setup files, such as passwd, group, and profile.",https://pagure.io/setup/,1660057185,1659067733,Public Domain,http://openeuler.org,System Environment/Base,oerv-obs-worker-08,setup-2.13.9.1-1.oe2203.src.rpm,5096,13129,http://openeuler.org,153305,736082,741272,noarch/setup-2.13.9.1-1.oe2203.noarch.rpm,,sha256
988,"699c5af554285df4d394dd3582ed32ce5291df77cd3df073b558c7dd1e024e6c",cachefilesd,riscv64,"0.10.10","0","9.oe2203",CacheFiles user-space management daemon,"The cachefilesd daemon manages the caching files and directory that are that
are used by network file systems such a AFS and NFS to do persistent caching to
the local disk.",http://people.redhat.com/~dhowells/fscache/,1660057121,1659488817,GPLv2+,http://openeuler.org,System Environment/Daemons,oerv-obs-worker-12,cachefilesd-0.10.10-9.oe2203.src.rpm,5096,10805,http://openeuler.org,29453,56300,57904,riscv64/cachefilesd-0.10.10-9.oe2203.riscv64.rpm,,sha256
991,cb0e6c6b9eac0dca83b33ccad0166f31b878d2be38616cc3498a2d957586ef93,cachefilesd-help,riscv64,"0.10.10","0","9.oe2203",Files for cachefilesd help,Files for cachefilesd help,http://people.redhat.com/~dhowells/fscache/,1660057121,1659488817,GPLv2+,http://openeuler.org,System Environment/Daemons,oerv-obs-worker-12,cachefilesd-0.10.10-9.oe2203.src.rpm,5096,8141,http://openeuler.org,11953,3564,3992,riscv64/cachefilesd-help-0.10.10-9.oe2203.riscv64.rpm,,sha256
11798,"9c12b5653a41ef2cf6e53768ec09e1c32c8aeef36f3c8abc21aa172e6001b3e1",rsyslog-hiredis,riscv64,"8.2110.0","0","8.oe2203",Redis support for rsyslog,This package provides support from redis.,http://www.rsyslog.com/,1660057183,1659521571,(GPLv3+ and ASL 2.0),http://openeuler.org,System Environment/Daemons,oerv-obs-worker-12,rsyslog-8.2110.0-8.oe2203.src.rpm,5096,8013,http://openeuler.org,13049,14480,14748,riscv64/rsyslog-hiredis-8.2110.0-8.oe2203.riscv64.rpm,,sha256
11799,"95fb2d58dc4dd4c9d06c52093b3654dbad11cd7fc0f478eac8a49cd92be3121f",rsyslog-kafka,riscv64,"8.2110.0","0","8.oe2203",Provides the omkafka module,This package provides support from kafka.,http://www.rsyslog.com/,1660057183,1659521571,(GPLv3+ and ASL 2.0),http://openeuler.org,System Environment/Daemons,oerv-obs-worker-12,rsyslog-8.2110.0-8.oe2203.src.rpm,5096,8109,http://openeuler.org,22993,44656,44924,riscv64/rsyslog-kafka-8.2110.0-8.oe2203.riscv64.rpm,,sha256
11802,"6862417da968e4db2e0533ac8fe32b684d50d4f4381f8ec95737c56d1387ec1c",rsyslog-mmkubernetes,riscv64,"8.2110.0","0","8.oe2203",Provides the mmkubernetes module,This package provides support for kubernetes to add container metadata.,http://www.rsyslog.com/,1660057183,1659521571,(GPLv3+ and ASL 2.0),http://openeuler.org,System Environment/Daemons,oerv-obs-worker-12,rsyslog-8.2110.0-8.oe2203.src.rpm,5096,8169,http://openeuler.org,22929,44568,44840,riscv64/rsyslog-mmkubernetes-8.2110.0-8.oe2203.riscv64.rpm,,sha256
11803,a7c04fdf64681d95adb972ebd6d6ea57908e70651d8dc00e47ba858809613a97,rsyslog-mmnormalize,riscv64,"8.2110.0","0","8.oe2203",Log normalization support for rsyslog,This module provides the capability to normalize log messages via liblognorm.,http://www.rsyslog.com/,1660057183,1659521571,(GPLv3+ and ASL 2.0),http://openeuler.org,System Environment/Daemons,oerv-obs-worker-12,rsyslog-8.2110.0-8.oe2203.src.rpm,5096,8109,http://openeuler.org,14073,18664,18936,riscv64/rsyslog-mmnormalize-8.2110.0-8.oe2203.riscv64.rpm,,sha256
11805,"2b20516f321c438f838605ddca726a92ba22ca26bcbbb181f7ec52c748c172ae",rsyslog-mongodb,riscv64,"8.2110.0","0","8.oe2203",MongoDB support for rsyslog,This package provides support from mongodb.,http://www.rsyslog.com/,1660057183,1659521571,(GPLv3+ and ASL 2.0),http://openeuler.org,System Environment/Daemons,oerv-obs-worker-12,rsyslog-8.2110.0-8.oe2203.src.rpm,5096,8473,http://openeuler.org,18737,34016,34412,riscv64/rsyslog-mongodb-8.2110.0-8.oe2203.riscv64.rpm,,sha256
11807,d4bf1c8da2e093394710763afd2abd271e37d8b57ac3279d59257d50318ba15c,rsyslog-omamqp1,riscv64,"8.2110.0","0","8.oe2203",Provides the omamqp1 module,"The omamqp1 output module can be used to send log messages via an AMQP
1.0-compatible messaging bus.",http://www.rsyslog.com/,1660057183,1659521571,(GPLv3+ and ASL 2.0),http://openeuler.org,System Environment/Daemons,oerv-obs-worker-12,rsyslog-8.2110.0-8.oe2203.src.rpm,5096,8117,http://openeuler.org,15481,23240,23508,riscv64/rsyslog-omamqp1-8.2110.0-8.oe2203.riscv64.rpm,,sha256
11808,"08acf72ac9ede3907ab1e54c16221fd92cb7731093f61481900b738909d700c3",rsyslog-pgsql,riscv64,"8.2110.0","0","8.oe2203",PostgresSQL support for rsyslog,"The rsyslog-pgsql package contains a dynamic shared object that will add
PostgreSQL database support to rsyslog.",http://www.rsyslog.com/,1660057183,1659521571,(GPLv3+ and ASL 2.0),http://openeuler.org,System Environment/Daemons,oerv-obs-worker-12,rsyslog-8.2110.0-8.oe2203.src.rpm,5096,8289,http://openeuler.org,14229,15664,16088,riscv64/rsyslog-pgsql-8.2110.0-8.oe2203.riscv64.rpm,,sha256
11809,f53a95b11ec4b35dde6799126ae1e16fbc8d6ed080100c769015ee9dd69f069c,rsyslog-rabbitmq,riscv64,"8.2110.0","0","8.oe2203",RabbitMQ support for rsyslog,This package provides support from rabbitmq.,http://www.rsyslog.com/,1660057183,1659521571,(GPLv3+ and ASL 2.0),http://openeuler.org,System Environment/Daemons,oerv-obs-worker-12,rsyslog-8.2110.0-8.oe2203.src.rpm,5096,8061,http://openeuler.org,17585,27816,28084,riscv64/rsyslog-rabbitmq-8.2110.0-8.oe2203.riscv64.rpm,,sha256
11810,"1e80072639edbd7b82e4cd3f56f373285ad1ef4b9d1588fb7623719a71c7a162",rsyslog-relp,riscv64,"8.2110.0","0","8.oe2203",RELP protocol support for rsyslog,"The rsyslog-relp package contains the rsyslog plugins that provide
the ability to receive syslog messages via the reliable RELP
protocol.",http://www.rsyslog.com/,1660057183,1659521571,(GPLv3+ and ASL 2.0),http://openeuler.org,System Environment/Daemons,oerv-obs-worker-12,rsyslog-8.2110.0-8.oe2203.src.rpm,5096,8441,http://openeuler.org,22405,51984,52388,riscv64/rsyslog-relp-8.2110.0-8.oe2203.riscv64.rpm,,sha256
11811,"9b89122e84ef1a99a32530b16468bf9613b2dd87027529e80672ba02efc2b340",rsyslog-snmp,riscv64,"8.2110.0","0","8.oe2203",SNMP protocol support for rsyslog,"The rsyslog-snmp package contains the rsyslog plugin that provides the
ability to send syslog messages as SNMPv1 and SNMPv2c traps.",http://www.rsyslog.com/,1660057183,1659521571,(GPLv3+ and ASL 2.0),http://openeuler.org,System Environment/Daemons,oerv-obs-worker-12,rsyslog-8.2110.0-8.oe2203.src.rpm,5096,8097,http://openeuler.org,15441,23088,23352,riscv64/rsyslog-snmp-8.2110.0-8.oe2203.riscv64.rpm,,sha256
8416,e49d000ac63dad97eb28d58fab49e0a1822aeb8c5a42e1749448137b38bf5e9d,obs-env,riscv64,"1.0","0","7.oe2203",config enviroment for obs compile,config enviroment for obs compile,,1660057166,1659514427,GPLv2,http://openeuler.org,System Environment/Shells,oerv-obs-worker-06,obs-env-1.0-7.oe2203.src.rpm,5096,7925,http://openeuler.org,8041,0,124,riscv64/obs-env-1.0-7.oe2203.riscv64.rpm,,sha256
8537,"0d243e33bc2b6f17ba8a24e148d3ef53be9c77261101fddc7e17f481a0bd03ff",openEuler-latest-release,riscv64,"1.0","0","158482635920.03.oe2203","System information like kernelversion, openeulerversion, gccversion, openjdkversion and compile time","The rpm contains system information, like kernelversion, eulerversion and compile time so on.

%setup -q",,1655628116,1654542080,GPL,http://openeuler.org,System/Config,oerv-obs-worker-05,openEuler-latest-release-1.0-158482635920.03.oe2203.src.rpm,5096,8181,http://openeuler.org,8481,181,444,riscv64/openEuler-latest-release-1.0-158482635920.03.oe2203.riscv64.rpm,,sha256
1443,ca27397535f95c5658ef59c49d06771f3360e8004ce2f729870f0481b1860f89,custom_build_tool,riscv64,"1.0.0","0","19.oe2203",custom build tool for obs,provide other method to deal parameter passing for OBS build,,1660057124,1659490690,Mulan PSL v2,http://openeuler.org,System/Management,oerv-obs-worker-07,custom_build_tool-1.0.0-19.oe2203.src.rpm,5096,8101,http://openeuler.org,9005,1396,1928,riscv64/custom_build_tool-1.0.0-19.oe2203.riscv64.rpm,,sha256
2364,"6cebd32f59b539d73e90cd1a3192037f1c515ae21c15583d1dbca2b6236fafe3",gcc_secure,riscv64,"1.0","0","0.10.oe2203",Build with gcov,Build with gcov,,1660057131,1659205142,GPL,http://openeuler.org,System/Management,oerv-obs-worker-08,gcc_secure-1.0-0.10.oe2203.src.rpm,5096,15145,http://openeuler.org,15309,0,252,riscv64/gcc_secure-1.0-0.10.oe2203.riscv64.rpm,,sha256
1085,"083398f9abbf95510bb6aafdc226e954ee7687657b3b9b7cbd76fd5a83851f72",ceph-prometheus-alerts,noarch,"16.2.7","2","4.oe2203",Prometheus alerts for a Ceph deployment,This package provides Ceph default alerts for Prometheus.,http://ceph.com/,1660057122,1659421856,LGPL-2.1-only and LGPL-3.0-only and CC-BY-SA-3.0 and GPL-2.0-only and GPL-2.0-or-later and BSL-1.0 and BSD-3-Clause and MIT,http://openeuler.org,System/Monitoring,oerv-obs-worker-06,ceph-16.2.7-4.oe2203.src.rpm,5096,9013,http://openeuler.org,11317,10668,11080,noarch/ceph-prometheus-alerts-16.2.7-4.oe2203.noarch.rpm,,sha256
1641,d82d1b59620386d2ce1382d59f1ffb838462303af38afe3727065342296a1f62,docker-engine,riscv64,"18.09.0","0","300.oe2203",The open-source application container engine,"Docker is an open source project to build, ship and run any application as a
lightweight container.

Docker containers are both hardware-agnostic and platform-agnostic. This means
they can run anywhere, from your laptop to the largest EC2 compute instance and
everything in between - and they don't require you to use a particular
language, framework or packaging system. That makes them great building blocks
for deploying and scaling web apps, databases, and backend services without
depending on a particular stack or provider.",https://mobyproject.org,1660057125,1659533659,ASL 2.0,http://openeuler.org,Tools/Docker,oerv-obs-worker-09,docker-engine-18.09.0-300.oe2203.src.rpm,5096,16553,http://openeuler.org,29391101,135912812,135916780,riscv64/docker-engine-18.09.0-300.oe2203.riscv64.rpm,,sha256
2779,c8f53fcdff1f9d42972996022f1de4524b6620165ef98b2f98406a559d48d5b1,gnome-shell,riscv64,"3.38.4","0","4.oe2203",Core user interface functions for the GNOME 3 desktop,"The GNOME Shell redefines user interactions with the GNOME desktop. In particular,
it offers new paradigms for launching applications, accessing documents, and
organizing open windows in GNOME. Later, it will introduce a new applets eco-system
and offer new solutions for other desktop features, such as notifications and contacts
management. The GNOME Shell is intended to replace functions handled by the GNOME Panel
and by the window manager in previous versions of GNOME. The GNOME Shell has rich
visual effects enabled by new graphical technologies.",https://wiki.gnome.org/Projects/GnomeShell,1660057134,1659463207,GPLv2+,http://openeuler.org,User Interface/Desktops,oerv-obs-worker-07,gnome-shell-3.38.4-4.oe2203.src.rpm,5096,41573,http://openeuler.org,1635785,9329301,9355032,riscv64/gnome-shell-3.38.4-4.oe2203.riscv64.rpm,,sha256
2783,"39fec2117b08a8690d770c9a5acfea1f1c351fb54c95ac97e1b89fab01b572c0",gnome-shell-help,noarch,"3.38.4","0","4.oe2203",Help files for gnome-shell,Help files for gnome-shell,https://wiki.gnome.org/Projects/GnomeShell,1660057134,1659463207,GPLv2+,http://openeuler.org,User Interface/Desktops,oerv-obs-worker-07,gnome-shell-3.38.4-4.oe2203.src.rpm,5096,8949,http://openeuler.org,13129,3919,4352,noarch/gnome-shell-help-3.38.4-4.oe2203.noarch.rpm,,sha256
12757,dfdce9c5fcd35d74fc81647ad63e51fa46a4ec625a1f362fa1e3173f98d05446,spice-help,noarch,"0.14.3","0","3.oe2203",Documents for spice,Man pages and other related documents for spice.,https://www.spice-space.org/,1660057186,1659322329,LGPLv2+,http://openeuler.org,User Interface/Desktops,oerv-obs-worker-08,spice-0.14.3-3.oe2203.src.rpm,5096,7613,http://openeuler.org,9041,2371,2780,noarch/spice-help-0.14.3-3.oe2203.noarch.rpm,,sha256
12760,"32c205eb7b0ce62dbee5c7ce108cff0a3be9c473f2d639b2ac655b0390e5fbf3",spice-server,riscv64,"0.14.3","0","3.oe2203",Implements the server side of the SPICE protocol,"This package contains the run-time libraries for any application that wishes
to be a SPICE server and is used to expose a remote machine's display and devices.",https://www.spice-space.org/,1660057186,1659322329,LGPLv2+,http://openeuler.org,User Interface/Desktops,oerv-obs-worker-08,spice-0.14.3-3.oe2203.src.rpm,5096,10805,http://openeuler.org,362225,1277403,1278120,riscv64/spice-server-0.14.3-3.oe2203.riscv64.rpm,,sha256
12761,c7a2fa72242ba03145614ffe61e009f16dcb6c2ef059188251e11273989e23b6,spice-server-devel,riscv64,"0.14.3","0","3.oe2203",Header files and development files for spice-server,"The spice-server-devel package contains static libraries and header files for
developing applications that use spice-server.",https://www.spice-space.org/,1660057186,1659322329,LGPLv2+,http://openeuler.org,User Interface/Desktops,oerv-obs-worker-08,spice-0.14.3-3.oe2203.src.rpm,5096,9633,http://openeuler.org,17217,37643,39600,riscv64/spice-server-devel-0.14.3-3.oe2203.riscv64.rpm,,sha256
6768,"186f0432f399065152eced02c08f571dfbc0304f9db11e74b2559b439d10c7e1",lohit-malayalam-fonts,noarch,"2.92.2","0","5.oe2203",Free Malayalam font,This package provides a free Malayalam truetype/opentype font.,https://pagure.io/lohit,1660057157,1659509479,OFL,http://openeuler.org,User Interface/X,oerv-obs-worker-08,lohit-malayalam-fonts-2.92.2-5.oe2203.src.rpm,5096,9681,http://openeuler.org,43617,82184,84416,noarch/lohit-malayalam-fonts-2.92.2-5.oe2203.noarch.rpm,,sha256
7536,"4eed8d807e63bb6c552f0d8aa146df203b3b61a9efdafbff216b893a578f468c",nafees-web-naskh-fonts,noarch,"1.2","0","21.oe2203",Nafees Web Naskh fonts,"Nafees Web Naskh fonts is desiged to writing Urdu in Naskh script.
This updated version has complete support of Aerabs for Urdu and
updated glyphs for Latin characters. For now, Nafees Web Naskh OTF
already contains approximately 330 glyphs and including 5 ligatures.",http://www.cle.org.pk/Downloads/NafeesWeb.zip,1660057164,1659514095,Bitstream Vera,http://openeuler.org,User Interface/X,oerv-obs-worker-09,nafees-web-naskh-fonts-1.2-21.oe2203.src.rpm,5096,9337,http://openeuler.org,66737,126613,127548,noarch/nafees-web-naskh-fonts-1.2-21.oe2203.noarch.rpm,,sha256
